Number of Vehicles,battery electric vehicle,natural gas vehicle,gasoline vehicle,diesel vehicle,plugin hybrid vehicle,LPG vehicle,hydrogen vehicle
LDVs,838.9429487227,0,19833123.2265747,173655.9711914012,40500.0,6651.9169757628,0
HDVs,0.0,0,37061.0867580165,108122.5133655362,0.0,0.0,0
aircraft,0.0,0,0.0,317.0,0.0,0.0,0
rail,384.0,0,0.0,0.0,0.0,0.0,0
ships,0.0,0,0.0,0.0,0.0,0.0,0
motorbikes,0.0,0,2310000.0,0.0,0.0,0.0,0
