Fraction Owned by Entity (dimensionless),government,domestic industries,labor and consumers,foreign entities
LDVs,0.0020253971,0.0209007241,0.9770738787,0
HDVs,0.0056729398,0.4348952846,0.5594317756,0
aircraft,0.0,1.0,0.0,0
rail,1.0,0.0,0.0,0
ships,0.0,1.0,0.0,0
motorbikes,0.0055168013,0.0046912396,0.9897919591,0
