Fuel Economy (passenger*miles/BTU),battery electric vehicle,natural gas vehicle,gasoline vehicle,diesel vehicle,plugin hybrid vehicle,LPG vehicle,hydrogen vehicle
LDVs,0.0010927149,0.0002739532,0.0003502703,0.000246172,0.0005654625,0.0002316965,0.0004923674
HDVs,0.0035447281,0.0,0.0010181219,0.0011030826,0.0024459877,0.0,0.0033092479
aircraft,0.0014185803,0.0004414475,0.0004414475,0.0004414475,0.0,0.0,0.0013243424
rail,0.001240521,0.0004243887,0.0004243887,0.0004243887,0.0,0.0,0.0012731662
ships,3.22935e-05,0.0,1.00494e-05,1.00494e-05,0.0,0.0,3.01482e-05
motorbikes,0.0013344352,0.0004190788,0.0004190788,0.0004190788,0.0009225248,0.0003247861,0.0012572365
