Fuel Economy (freight ton*miles/BTU),battery electric vehicle,natural gas vehicle,gasoline vehicle,diesel vehicle,plugin hybrid vehicle,LPG vehicle,hydrogen vehicle
LDVs,0.0,0.0,0.0001299262,7.08081e-05,0.0002880999,0,0.002477338
HDVs,0.0026536209,0.0,0.0030759233,0.0008257793,0.0,0,0.0
aircraft,0.0003652434,0.0001136599,0.0001136599,0.0001136599,0.0,0,0.0003409798
rail,0.0111407438,0.003466884,0.003466884,0.003466884,0.0,0,0.010400652
ships,0.0154676264,0.004813365,0.004813365,0.004813365,0.0,0,0.014440095
motorbikes,0.0,0.0,0.0,0.0,0.0,0,0.0
