Pollutant Emissions Intensity (g pollutant/BTU),electricity,natural gas,petroleum gasoline,petroleum diesel,biofuel gasoline,biofuel diesel,jet fuel,heavy or residual fuel oil,LPG propane or butane,hydrogen
CO2,0,0.052751938,0.072920704,0.0742159917,0.0405353376,0.0169607016,0,0,0.0670300646,0
VOC,0,2.01165e-05,4.95447e-05,1.71279e-05,4.95447e-05,1.71279e-05,0,0,1.86762e-05,0
CO,0,0.0011140698,0.0010281419,7.82171e-05,0.0010281419,7.82171e-05,0,0,3.20627e-05,0
NOx,0,6.30975e-05,0.0001027764,0.0002407236,0.0001027764,0.0002407236,0,0,0.000157038,0
PM10,0,5.6884e-06,6.1478e-06,1.54808e-05,6.1478e-06,1.54808e-05,0,0,5.281e-07,0
PM25,0,2.7736e-06,2.2736e-06,9.851e-06,2.2736e-06,9.851e-06,0,0,2.575e-07,0
SOx,0,0.0,7.73e-07,6.661e-07,7.73e-07,6.661e-07,0,0,0.0,0
BC,0,2.201e-07,3.55e-07,4.9363e-06,3.55e-07,4.9363e-06,0,0,2.04e-08,0
OC,0,4e-07,1.001e-06,2.6893e-06,1.001e-06,2.6893e-06,0,0,3.71e-08,0
CH4,0,1e-06,3e-06,3e-06,0.0,0.0,0,0,3e-06,0
N2O,0,1e-07,6e-07,6e-07,0.0,0.0,0,0,6e-07,0
F gases,0,0.0,0.0,0.0,0.0,0.0,0,0,0.0,0
