Elasticity by Fuel (dimensionless),Urban Residential,Rural Residential,Commercial
heating,-1.9632560304,-1.9632560304,-1.5119773807
cooling and ventilation,-0.6633218025,-0.6633218025,-0.6172863928
envelope,-1.3132889165,-1.3132889165,-1.0646318868
lighting,-2.8316462127,-2.8316462127,-0.4801774793
appliances,-0.379609532,-0.379609532,-0.4347094819
other component,-0.3908177697,-0.3908177697,-0.4299974799
